epoch,time,train/box_loss,train/cls_loss,train/dfl_loss,metrics/precision(B),metrics/recall(B),metrics/mAP50(B),metrics/mAP50-95(B),val/box_loss,val/cls_loss,val/dfl_loss,lr/pg0,lr/pg1,lr/pg2
1,8.46035,2.22039,13.8392,2.31997,0.0032,0.2,0.00132,0.00053,2.75121,58.144,2.34249,0,0,0
2,20.5693,2.51728,12.9604,2.3586,0.00396,0.2,0.00211,0.00089,2.66163,46.052,2.33247,1.604e-05,1.604e-05,1.604e-05
3,31.5107,2.15309,13.2861,2.31312,0.00464,0.2,0.00229,0.00111,2.44984,31.5537,2.23805,2.416e-05,2.416e-05,2.416e-05
4,41.6877,2.48373,7.35277,2.42127,0.00623,0.2,0.00465,0.00171,2.45898,21.7163,2.21667,2.436e-05,2.436e-05,2.436e-05
5,51.6796,2.40855,7.23232,2.10818,0.00861,0.2,0.00593,0.00204,2.51289,18.6374,2.27012,1.664e-05,1.664e-05,1.664e-05
