frame,dist,conf,dist_ft,shot_type
648,146.2,0.0,5.7109375,2-pt
1074,147.3,0.001,5.75390625,2-pt
1414,115.6,0.001,4.515625,2-pt
1468,83.2,0.0,3.25,2-pt
1630,63.3,0.0,2.47265625,2-pt
2051,37.4,0.001,1.4609375,2-pt
